{
  "attn_qkv": {
    "n_layers": 36,
    "mean_hawq": 0.0014174204416372905,
    "std_hawq": 0.0013686907394232135
  },
  "attn_out": {
    "n_layers": 12,
    "mean_hawq": 0.00018346548965613905,
    "std_hawq": 0.00013878132360733826
  },
  "ffn_up": {
    "n_layers": 12,
    "mean_hawq": 0.002015480303991422,
    "std_hawq": 0.0013282289026775973
  },
  "ffn_down": {
    "n_layers": 12,
    "mean_hawq": 0.005290778356351558,
    "std_hawq": 0.009065739099015575
  },
  "lm_head": {
    "n_layers": 1,
    "mean_hawq": 0.009270423504003028,
    "std_hawq": 0.0
  }
}