adc_bits,ppl_baseline,ppl_cim_sq
3,218912950.59623516,266750311.53262448
4,975549.636564109,1086099.1204213041
5,27282.30094739464,27389.10175041655
6,563.1216953677276,557.1379056004023
7,71.2914544192421,70.75105560520069
8,45.988670862887034,46.858884232603884
9,39.71606655788466,40.0117314381297
10,36.241484866337025,36.24667653667093
