{
  "ppl_7b": 326.796198051777,
  "ppl_hawq_guided": 321.3150462604318,
  "ppl_cim_greedy": 325.99294314216047,
  "ppl_sat_greedy": 313.7992,
  "ppl_ilp": 308.6
}