{
  "model": "gpt2",
  "adc_bits": 7,
  "ppl_clean": 33.74993345220032,
  "ppl_cim": 71.98304563495253,
  "ppl_delta": 38.233112182752215,
  "mean_sat_rate": 1.1779788997739586e-05
}