adc_bits,sat_rate
3,1.0
4,1.0
5,1.0
6,1.0
7,0.9315068493150684
8,0.821917808219178
9,0.6712328767123288
10,0.5616438356164384
