adc_bits,sat_rate
3,1.0
4,1.0
5,1.0
6,1.0
7,0.9795918367346939
8,0.9795918367346939
9,0.8163265306122449
10,0.3877551020408163
