{
  "model": "gpt2",
  "adc_bits": 7,
  "ppl_clean": 33.74993345220032,
  "ppl_cim": 6501.062024470379,
  "ppl_delta": 6467.312091018179,
  "mean_sat_rate": 0.0587312831143403
}