adc_bits,sat_rate
3,1.0
4,1.0
5,1.0
6,1.0
7,1.0
8,0.9724137931034482
9,0.9103448275862069
10,0.7655172413793103
