config,ppl,sat,adc_area_mm2,chip_area_mm2,adc_savings_pct,n_6b,n_7b
Uniform 7b,306.4323,0.03512,228.43,936.6,-0.0,0,73
Uniform 6b,315.2698,0.03507,114.22,822.38,50.0,73,0
Sat-Greedy 20%,313.7992,0.03514,181.49,889.66,20.55,30,43
Sens-Greedy 20%,312.4954,0.03523,181.49,889.66,20.55,30,43
ILP 20%,308.5532,0.035,181.49,889.66,20.55,30,43
SQ + Uniform 7b,315.093,0.03497,228.43,936.6,-0.0,0,73
SQ + Uniform 6b,304.9719,0.03506,114.22,822.38,50.0,73,0
SQ + ILP 20%,309.3894,0.035,181.49,889.66,20.55,30,43
