{
  "uniform_7b": {
    "mean": 312.4546529883316,
    "std": 5.403162683649658,
    "runs": [
      319.9376200684721,
      310.05300273532566,
      307.37333616119685
    ]
  },
  "ilp_20pct": {
    "mean": 314.8206416216883,
    "std": 5.176694755638894,
    "runs": [
      321.2337913247768,
      308.55614491798354,
      314.6719886223045
    ]
  },
  "sq_6b": {
    "mean": 316.0764009370683,
    "std": 7.509428020962255,
    "runs": [
      326.60117136548325,
      312.04249827255035,
      309.58553317317137
    ]
  }
}