adc_bits,sat_rate
3,1.0
4,1.0
5,1.0
6,1.0
7,0.958904109589041
8,0.8493150684931506
9,0.6712328767123288
10,0.5753424657534246
