{
  "model": "gpt2",
  "adc_bits": 7,
  "ppl_clean": 33.742193741236164,
  "ppl_cim": 71.2914544192421,
  "ppl_delta": 37.549260678005936,
  "mean_sat_rate": 7.468590412302956e-06
}