adc_bits,sat_rate
3,1.0
4,1.0
5,1.0
6,1.0
7,0.9795918367346939
8,0.9591836734693877
9,0.7755102040816326
10,0.3469387755102041
