{
  "model": "gpt2",
  "adc_bits": 7,
  "ppl_clean": 36.806979046786154,
  "ppl_cim": 82.75785402353074,
  "ppl_delta": 45.950874976744586,
  "mean_sat_rate": 9.248005333445906e-06
}