adc_bits,ppl_baseline,ppl_cim_sq
3,331228218.04903626,399099096.589291
4,830315.1955139764,912857.7012548215
5,25949.55451447728,24305.290594309394
6,603.8883673111369,606.4372503621153
7,82.75785402353074,78.57490636761966
8,51.03471728068258,51.26839938029446
9,42.474437153540684,42.73229501754996
10,39.65088877205152,39.4538940718007
